Modelo,R² (Test),RMSE (Test),MAE (Test),R² (Val),RMSE (Val)
XGBoost Otimizado,0.5177970234165816,4.927442872811269,3.798958500106021,0.5840908226235004,4.850695310937064
Random Forest Otimizado,0.5063596969975437,4.985537182097025,3.888655619573487,0.777202774041072,3.5502557030788107
Random Forest Base,0.47107572053474356,5.160638119467545,3.9255371129766665,0.9341247051375362,1.9304832164933239
XGBoost Base,0.39060409608216873,5.539319557292771,4.248027207575945,0.9624958175779702,1.4566143877135698
Linear Regression,0.18978747698215193,6.387135509324481,5.175436714252838,0.28261808913455944,6.370594391590123
